x-axis,1
second,Volt
-4.100000E-06,+0.0E+00
-4.093400E-06,+0.0E+00
-4.086800E-06,+0.0E+00
-4.080200E-06,+0.0E+00
-4.073600E-06,+0.0E+00
-4.067000E-06,+0.0E+00
-4.060400E-06,+0.0E+00
-4.053800E-06,+0.0E+00
-4.047200E-06,-2.454271331E-03
-4.040600E-06,+0.0E+00
-4.034000E-06,+0.0E+00
-4.027400E-06,+0.0E+00
-4.020800E-06,+2.974874340E-03
-4.014200E-06,-520.603010E-06
-4.007600E-06,+0.0E+00
-4.001000E-06,+2.974874340E-03
-3.994400E-06,-2.900502481E-03
-3.987800E-06,+0.0E+00
-3.981200E-06,-520.603010E-06
-3.974600E-06,-2.974874340E-03
-3.968000E-06,-2.974874340E-03
-3.961400E-06,+0.0E+00
-3.954800E-06,+0.0E+00
-3.948200E-06,+0.0E+00
-3.941600E-06,+0.0E+00
-3.935000E-06,+0.0E+00
-3.928400E-06,+0.0E+00
-3.921800E-06,+0.0E+00
-3.915200E-06,+2.974874340E-03
-3.908600E-06,+0.0E+00
-3.902000E-06,-1.859296462E-03
-3.895400E-06,+0.0E+00
-3.888800E-06,+0.0E+00
-3.882200E-06,+0.0E+00
-3.875600E-06,+0.0E+00
-3.869000E-06,-1.859296462E-03
-3.862400E-06,+74.371858E-06
-3.855800E-06,+1.264321594E-03
-3.849200E-06,+0.0E+00
-3.842600E-06,+0.0E+00
-3.836000E-06,+0.0E+00
-3.829400E-06,+2.974874340E-03
-3.822800E-06,+0.0E+00
-3.816200E-06,+2.974874340E-03
-3.809600E-06,+0.0E+00
-3.803000E-06,+0.0E+00
-3.796400E-06,+2.900502482E-03
-3.789800E-06,+0.0E+00
-3.783200E-06,-2.974874340E-03
-3.776600E-06,-669.346726E-06
-3.770000E-06,+0.0E+00
-3.763400E-06,+0.0E+00
-3.756800E-06,+1.710552746E-03
-3.750200E-06,+0.0E+00
-3.743600E-06,+0.0E+00
-3.737000E-06,+0.0E+00
-3.730400E-06,-2.900502482E-03
-3.723800E-06,+0.0E+00
-3.717200E-06,+0.0E+00
-3.710600E-06,+0.0E+00
-3.704000E-06,+0.0E+00
-3.697400E-06,+0.0E+00
-3.690800E-06,-1.710552746E-03
-3.684200E-06,+0.0E+00
-3.677600E-06,+2.974874340E-03
-3.671000E-06,+2.974874340E-03
-3.664400E-06,+0.0E+00
-3.657800E-06,+2.974874340E-03
-3.651200E-06,+2.974874340E-03
-3.644600E-06,+2.974874340E-03
-3.638000E-06,+0.0E+00
-3.631400E-06,+0.0E+00
-3.624800E-06,+0.0E+00
-3.618200E-06,+0.0E+00
-3.611600E-06,+0.0E+00
-3.605000E-06,+0.0E+00
-3.598400E-06,+0.0E+00
-3.591800E-06,+0.0E+00
-3.585200E-06,+0.0E+00
-3.578600E-06,+2.974874340E-03
-3.572000E-06,+0.0E+00
-3.565400E-06,+2.974874340E-03
-3.558800E-06,+0.0E+00
-3.552200E-06,+0.0E+00
-3.545600E-06,+0.0E+00
-3.539000E-06,+0.0E+00
-3.532400E-06,+0.0E+00
-3.525800E-06,+0.0E+00
-3.519200E-06,+0.0E+00
-3.512600E-06,+0.0E+00
-3.506000E-06,+0.0E+00
-3.499400E-06,+2.974874340E-03
-3.492800E-06,+0.0E+00
-3.486200E-06,+0.0E+00
-3.479600E-06,-2.305527614E-03
-3.473000E-06,+0.0E+00
-3.466400E-06,+2.974874340E-03
-3.459800E-06,+0.0E+00
-3.453200E-06,+0.0E+00
-3.446600E-06,+0.0E+00
-3.440000E-06,+1.859296462E-03
-3.433400E-06,+0.0E+00
-3.426800E-06,+1.264321594E-03
-3.420200E-06,+0.0E+00
-3.413600E-06,+0.0E+00
-3.407000E-06,+0.0E+00
-3.400400E-06,+0.0E+00
-3.393800E-06,+2.974874340E-03
-3.387200E-06,+0.0E+00
-3.380600E-06,-2.974874340E-03
-3.374000E-06,+1.115577878E-03
-3.367400E-06,+2.974874340E-03
-3.360800E-06,+2.974874340E-03
-3.354200E-06,+0.0E+00
-3.347600E-06,+0.0E+00
-3.341000E-06,+2.974874340E-03
-3.334400E-06,+0.0E+00
-3.327800E-06,+0.0E+00
-3.321200E-06,+0.0E+00
-3.314600E-06,+0.0E+00
-3.308000E-06,-2.974874340E-03
-3.301400E-06,+0.0E+00
-3.294800E-06,+2.974874340E-03
-3.288200E-06,+2.974874340E-03
-3.281600E-06,+2.305527614E-03
-3.275000E-06,+0.0E+00
-3.268400E-06,+0.0E+00
-3.261800E-06,+0.0E+00
-3.255200E-06,+2.974874340E-03
-3.248600E-06,+0.0E+00
-3.242000E-06,+0.0E+00
-3.235400E-06,+0.0E+00
-3.228800E-06,+0.0E+00
-3.222200E-06,+0.0E+00
-3.215600E-06,+0.0E+00
-3.209000E-06,-2.974874340E-03
-3.202400E-06,+0.0E+00
-3.195800E-06,+2.974874340E-03
-3.189200E-06,+520.603010E-06
-3.182600E-06,+2.974874340E-03
-3.176000E-06,+1.859296462E-03
-3.169400E-06,+0.0E+00
-3.162800E-06,+0.0E+00
-3.156200E-06,+0.0E+00
-3.149600E-06,+2.974874340E-03
-3.143000E-06,+0.0E+00
-3.136400E-06,+0.0E+00
-3.129800E-06,+0.0E+00
-3.123200E-06,+2.974874340E-03
-3.116600E-06,+0.0E+00
-3.110000E-06,-2.974874340E-03
-3.103400E-06,-2.974874340E-03
-3.096800E-06,+0.0E+00
-3.090200E-06,+0.0E+00
-3.083600E-06,+0.0E+00
-3.077000E-06,+0.0E+00
-3.070400E-06,+0.0E+00
-3.063800E-06,+0.0E+00
-3.057200E-06,+0.0E+00
-3.050600E-06,+2.974874340E-03
-3.044000E-06,+2.974874340E-03
-3.037400E-06,+0.0E+00
-3.030800E-06,+0.0E+00
-3.024200E-06,+0.0E+00
-3.017600E-06,+0.0E+00
-3.011000E-06,+1.115577878E-03
-3.004400E-06,+0.0E+00
-2.997800E-06,+0.0E+00
-2.991200E-06,-2.974874340E-03
-2.984600E-06,+0.0E+00
-2.978000E-06,-2.974874340E-03
-2.971400E-06,+0.0E+00
-2.964800E-06,+2.974874340E-03
-2.958200E-06,+0.0E+00
-2.951600E-06,+2.974874340E-03
-2.945000E-06,+0.0E+00
-2.938400E-06,+0.0E+00
-2.931800E-06,+0.0E+00
-2.925200E-06,+520.603010E-06
-2.918600E-06,+0.0E+00
-2.912000E-06,+0.0E+00
-2.905400E-06,+0.0E+00
-2.898800E-06,+1.264321594E-03
-2.892200E-06,+0.0E+00
-2.885600E-06,+0.0E+00
-2.879000E-06,+0.0E+00
-2.872400E-06,+2.974874340E-03
-2.865800E-06,+2.974874340E-03
-2.859200E-06,+0.0E+00
-2.852600E-06,+2.974874340E-03
-2.846000E-06,+0.0E+00
-2.839400E-06,+0.0E+00
-2.832800E-06,-2.974874340E-03
-2.826200E-06,+0.0E+00
-2.819600E-06,+0.0E+00
-2.813000E-06,+1.115577878E-03
-2.806400E-06,+0.0E+00
-2.799800E-06,+2.974874340E-03
-2.793200E-06,+0.0E+00
-2.786600E-06,+0.0E+00
-2.780000E-06,+0.0E+00
-2.773400E-06,+0.0E+00
-2.766800E-06,+0.0E+00
-2.760200E-06,+0.0E+00
-2.753600E-06,+2.974874340E-03
-2.747000E-06,+1.859296462E-03
-2.740400E-06,+0.0E+00
-2.733800E-06,+0.0E+00
-2.727200E-06,+0.0E+00
-2.720600E-06,+0.0E+00
-2.714000E-06,-2.974874340E-03
-2.707400E-06,+0.0E+00
-2.700800E-06,+1.710552746E-03
-2.694200E-06,+0.0E+00
-2.687600E-06,+669.346726E-06
-2.681000E-06,+2.974874340E-03
-2.674400E-06,+0.0E+00
-2.667800E-06,-1.710552746E-03
-2.661200E-06,+0.0E+00
-2.654600E-06,+0.0E+00
-2.648000E-06,+2.974874340E-03
-2.641400E-06,+0.0E+00
-2.634800E-06,+0.0E+00
-2.628200E-06,+0.0E+00
-2.621600E-06,+0.0E+00
-2.615000E-06,+0.0E+00
-2.608400E-06,+0.0E+00
-2.601800E-06,+0.0E+00
-2.595200E-06,+0.0E+00
-2.588600E-06,-669.346726E-06
-2.582000E-06,+1.115577878E-03
-2.575400E-06,+2.974874340E-03
-2.568800E-06,+0.0E+00
-2.562200E-06,+0.0E+00
-2.555600E-06,+0.0E+00
-2.549000E-06,+2.974874340E-03
-2.542400E-06,+0.0E+00
-2.535800E-06,+0.0E+00
-2.529200E-06,+2.974874340E-03
-2.522600E-06,+2.974874340E-03
-2.516000E-06,+2.974874340E-03
-2.509400E-06,-2.900502482E-03
-2.502800E-06,+0.0E+00
-2.496200E-06,+0.0E+00
-2.489600E-06,+0.0E+00
-2.483000E-06,+2.974874340E-03
-2.476400E-06,+0.0E+00
-2.469800E-06,+0.0E+00
-2.463200E-06,-2.974874340E-03
-2.456600E-06,+0.0E+00
-2.450000E-06,+0.0E+00
-2.443400E-06,+0.0E+00
-2.436800E-06,+2.974874340E-03
-2.430200E-06,+0.0E+00
-2.423600E-06,+0.0E+00
-2.417000E-06,+0.0E+00
-2.410400E-06,-2.974874340E-03
-2.403800E-06,+0.0E+00
-2.397200E-06,+0.0E+00
-2.390600E-06,+0.0E+00
-2.384000E-06,+0.0E+00
-2.377400E-06,+0.0E+00
-2.370800E-06,+0.0E+00
-2.364200E-06,+2.974874340E-03
-2.357600E-06,+0.0E+00
-2.351000E-06,-1.859296462E-03
-2.344400E-06,+0.0E+00
-2.337800E-06,+0.0E+00
-2.331200E-06,+0.0E+00
-2.324600E-06,+0.0E+00
-2.318000E-06,+0.0E+00
-2.311400E-06,+0.0E+00
-2.304800E-06,+0.0E+00
-2.298200E-06,+2.974874340E-03
-2.291600E-06,+2.974874340E-03
-2.285000E-06,-1.859296462E-03
-2.278400E-06,+0.0E+00
-2.271800E-06,+1.264321594E-03
-2.265200E-06,+2.974874340E-03
-2.258600E-06,-2.974874340E-03
-2.252000E-06,+2.974874340E-03
-2.245400E-06,+2.974874340E-03
-2.238800E-06,+0.0E+00
-2.232200E-06,+0.0E+00
-2.225600E-06,+0.0E+00
-2.219000E-06,+0.0E+00
-2.212400E-06,+0.0E+00
-2.205800E-06,+0.0E+00
-2.199200E-06,+0.0E+00
-2.192600E-06,+0.0E+00
-2.186000E-06,+1.859296462E-03
-2.179400E-06,+0.0E+00
-2.172800E-06,+0.0E+00
-2.166200E-06,+0.0E+00
-2.159600E-06,+0.0E+00
-2.153000E-06,+0.0E+00
-2.146400E-06,-2.900502482E-03
-2.139800E-06,+0.0E+00
-2.133200E-06,-2.974874340E-03
-2.126600E-06,+0.0E+00
-2.120000E-06,+0.0E+00
-2.113400E-06,+2.974874340E-03
-2.106800E-06,+1.264321594E-03
-2.100200E-06,+0.0E+00
-2.093600E-06,+0.0E+00
-2.087000E-06,+0.0E+00
-2.080400E-06,+2.974874340E-03
-2.073800E-06,-1.710552746E-03
-2.067200E-06,+0.0E+00
-2.060600E-06,+0.0E+00
-2.054000E-06,+0.0E+00
-2.047400E-06,+0.0E+00
-2.040800E-06,+0.0E+00
-2.034200E-06,+0.0E+00
-2.027600E-06,+0.0E+00
-2.021000E-06,+1.115577878E-03
-2.014400E-06,+0.0E+00
-2.007800E-06,+0.0E+00
-2.001200E-06,+0.0E+00
-1.994600E-06,-2.974874340E-03
-1.988000E-06,+0.0E+00
-1.981400E-06,+2.900502482E-03
-1.974800E-06,+1.710552746E-03
-1.968200E-06,+0.0E+00
-1.961600E-06,+0.0E+00
-1.955000E-06,+0.0E+00
-1.948400E-06,-74.371858E-06
-1.941800E-06,+0.0E+00
-1.935200E-06,+0.0E+00
-1.928600E-06,+2.974874340E-03
-1.922000E-06,+0.0E+00
-1.915400E-06,+0.0E+00
-1.908800E-06,+0.0E+00
-1.902200E-06,+2.974874340E-03
-1.895600E-06,+0.0E+00
-1.889000E-06,+1.115577878E-03
-1.882400E-06,+2.974874340E-03
-1.875800E-06,+2.974874340E-03
-1.869200E-06,+0.0E+00
-1.862600E-06,+2.974874340E-03
-1.856000E-06,+0.0E+00
-1.849400E-06,+0.0E+00
-1.842800E-06,+0.0E+00
-1.836200E-06,+0.0E+00
-1.829600E-06,+0.0E+00
-1.823000E-06,+0.0E+00
-1.816400E-06,+0.0E+00
-1.809800E-06,+0.0E+00
-1.803200E-06,+520.603010E-06
-1.796600E-06,+0.0E+00
-1.790000E-06,+0.0E+00
-1.783400E-06,+0.0E+00
-1.776800E-06,+0.0E+00
-1.770200E-06,+0.0E+00
-1.763600E-06,+0.0E+00
-1.757000E-06,+1.115577878E-03
-1.750400E-06,+0.0E+00
-1.743800E-06,+0.0E+00
-1.737200E-06,+0.0E+00
-1.730600E-06,+0.0E+00
-1.724000E-06,+2.974874340E-03
-1.717400E-06,+0.0E+00
-1.710800E-06,+2.974874340E-03
-1.704200E-06,+0.0E+00
-1.697600E-06,+0.0E+00
-1.691000E-06,+0.0E+00
-1.684400E-06,+2.974874340E-03
-1.677800E-06,+1.710552746E-03
-1.671200E-06,+0.0E+00
-1.664600E-06,+0.0E+00
-1.658000E-06,-1.859296462E-03
-1.651400E-06,+0.0E+00
-1.644800E-06,+0.0E+00
-1.638200E-06,-2.454271330E-03
-1.631600E-06,+0.0E+00
-1.625000E-06,+0.0E+00
-1.618400E-06,+0.0E+00
-1.611800E-06,+2.974874340E-03
-1.605200E-06,+0.0E+00
-1.598600E-06,+0.0E+00
-1.592000E-06,-2.974874340E-03
-1.585400E-06,+0.0E+00
-1.578800E-06,+0.0E+00
-1.572200E-06,+0.0E+00
-1.565600E-06,+0.0E+00
-1.559000E-06,+0.0E+00
-1.552400E-06,+0.0E+00
-1.545800E-06,-1.264321594E-03
-1.539200E-06,+2.974874340E-03
-1.532600E-06,-2.974874340E-03
-1.526000E-06,+0.0E+00
-1.519400E-06,+2.974874340E-03
-1.512800E-06,+0.0E+00
-1.506200E-06,-2.454271330E-03
-1.499600E-06,+2.974874340E-03
-1.493000E-06,+0.0E+00
-1.486400E-06,+0.0E+00
-1.479800E-06,+1.264321594E-03
-1.473200E-06,+0.0E+00
-1.466600E-06,+0.0E+00
-1.460000E-06,+0.0E+00
-1.453400E-06,+0.0E+00
-1.446800E-06,+0.0E+00
-1.440200E-06,+0.0E+00
-1.433600E-06,+0.0E+00
-1.427000E-06,+0.0E+00
-1.420400E-06,+2.900502482E-03
-1.413800E-06,-2.974874340E-03
-1.407200E-06,+0.0E+00
-1.400600E-06,+0.0E+00
-1.394000E-06,+0.0E+00
-1.387400E-06,-2.974874340E-03
-1.380800E-06,+2.974874340E-03
-1.374200E-06,+0.0E+00
-1.367600E-06,+0.0E+00
-1.361000E-06,+0.0E+00
-1.354400E-06,+0.0E+00
-1.347800E-06,+0.0E+00
-1.341200E-06,+2.974874340E-03
-1.334600E-06,+0.0E+00
-1.328000E-06,-2.974874340E-03
-1.321400E-06,+0.0E+00
-1.314800E-06,+0.0E+00
-1.308200E-06,-2.454271330E-03
-1.301600E-06,+2.974874340E-03
-1.295000E-06,+0.0E+00
-1.288400E-06,-2.974874340E-03
-1.281800E-06,+4.685427086E-03
-1.275200E-06,-520.603010E-06
-1.268600E-06,+0.0E+00
-1.262000E-06,+0.0E+00
-1.255400E-06,+0.0E+00
-1.248800E-06,-1.264321594E-03
-1.242200E-06,+2.974874340E-03
-1.235600E-06,+0.0E+00
-1.229000E-06,-1.859296462E-03
-1.222400E-06,+2.974874340E-03
-1.215800E-06,+1.264321594E-03
-1.209200E-06,-2.974874340E-03
-1.202600E-06,+2.974874340E-03
-1.196000E-06,-1.115577878E-03
-1.189400E-06,-2.974874340E-03
-1.182800E-06,+4.685427086E-03
-1.176200E-06,+0.0E+00
-1.169600E-06,-2.974874340E-03
-1.163000E-06,+2.974874340E-03
-1.156400E-06,+74.371858E-06
-1.149800E-06,-2.974874340E-03
-1.143200E-06,+2.974874340E-03
-1.136600E-06,+0.0E+00
-1.130000E-06,-2.974874340E-03
-1.123400E-06,+5.875376822E-03
-1.116800E-06,+2.974874340E-03
-1.110200E-06,-5.949748680E-03
-1.103600E-06,+5.280401954E-03
-1.097000E-06,+0.0E+00
-1.090400E-06,-5.949748680E-03
-1.083800E-06,+2.974874340E-03
-1.077200E-06,+0.0E+00
-1.070600E-06,-5.949748680E-03
-1.064000E-06,+5.949748680E-03
-1.057400E-06,+2.974874340E-03
-1.050800E-06,-5.949748680E-03
-1.044200E-06,+3.495477350E-03
-1.037600E-06,+2.974874340E-03
-1.031000E-06,-5.949748680E-03
-1.024400E-06,+2.900502482E-03
-1.017800E-06,+5.949748680E-03
-1.011200E-06,-6.470351690E-03
-1.004600E-06,+2.305527614E-03
-998.000E-09,+4.834170802E-03
-991.400E-09,-5.949748680E-03
-984.800E-09,+1.710552746E-03
-978.200E-09,+5.429145670E-03
-971.600E-09,-5.949748680E-03
-965.000E-09,+2.231155755E-03
-958.400E-09,+6.024120538E-03
-951.800E-09,-8.924623020E-03
-945.200E-09,+3.495477350E-03
-938.600E-09,+6.619095406E-03
-932.000E-09,-8.924623020E-03
-925.400E-09,+2.900502482E-03
-918.800E-09,+5.949748680E-03
-912.200E-09,-6.470351690E-03
-905.600E-09,-669.346726E-06
-899.000E-09,+10.783919482E-03
-892.400E-09,-8.850251162E-03
-885.800E-09,+1.710552746E-03
-879.200E-09,+11.378894350E-03
-872.600E-09,-11.230150634E-03
-866.000E-09,-743.718585E-06
-859.400E-09,+14.948743558E-03
-852.800E-09,-10.635175766E-03
-846.200E-09,-1.933668321E-03
-839.600E-09,+12.568844086E-03
-833.000E-09,-10.040200898E-03
-826.400E-09,-3.049246198E-03
-819.800E-09,+14.874371700E-03
-813.200E-09,-9.445226030E-03
-806.600E-09,-6.619095406E-03
-800.000E-09,+14.874371700E-03
-793.400E-09,-11.750753643E-03
-786.800E-09,-4.239195934E-03
-780.200E-09,+14.874371700E-03
-773.600E-09,-11.230150634E-03
-767.000E-09,-6.693467265E-03
-760.400E-09,+17.849246040E-03
-753.800E-09,-12.345728511E-03
-747.200E-09,-7.883417001E-03
-740.600E-09,+20.824120380E-03
-734.000E-09,-8.180904435E-03
-727.400E-09,-8.998994878E-03
-720.800E-09,+23.798994720E-03
-714.200E-09,-9.965829039E-03
-707.600E-09,-10.263316473E-03
-701.000E-09,+26.773869060E-03
-694.400E-09,-8.775879303E-03
-687.800E-09,-11.453266209E-03
-681.200E-09,+23.798994720E-03
-674.600E-09,-9.891457181E-03
-668.000E-09,-15.618090285E-03
-661.400E-09,+23.724622862E-03
-654.800E-09,-6.395979831E-03
-648.200E-09,-17.328643030E-03
-641.600E-09,+26.104522334E-03
-635.000E-09,-6.321607973E-03
-628.400E-09,-20.972864097E-03
-621.800E-09,+28.484421806E-03
-615.200E-09,-6.990954699E-03
-608.600E-09,-19.187939493E-03
-602.000E-09,+30.864321278E-03
-595.400E-09,-5.652261246E-03
-588.800E-09,-23.352763569E-03
-582.200E-09,+27.815075079E-03
-575.600E-09,-3.272361774E-03
-569.000E-09,-27.517587645E-03
-562.400E-09,+32.574874023E-03
-555.800E-09,+2.082412038E-03
-549.200E-09,-31.161808711E-03
-542.600E-09,+31.384924287E-03
-536.000E-09,+1.487437170E-03
-529.400E-09,-35.772863938E-03
-522.800E-09,+31.905527297E-03
-516.200E-09,+3.867336642E-03
-509.600E-09,-34.062311193E-03
-503.000E-09,+33.095477033E-03
-496.400E-09,+9.222110454E-03
-489.800E-09,-39.937688014E-03
-483.200E-09,+31.310552429E-03
-476.600E-09,+8.627135586E-03
-470.000E-09,-45.366833685E-03
-463.400E-09,+32.500502165E-03
-456.800E-09,+12.271356652E-03
-450.200E-09,-43.581909081E-03
-443.600E-09,+33.021105174E-03
-437.000E-09,+18.221105332E-03
-430.400E-09,-50.572863780E-03
-423.800E-09,+30.641205702E-03
-417.200E-09,+21.195979672E-03
-410.600E-09,-47.597989440E-03
-404.000E-09,+31.236180570E-03
-397.400E-09,+24.170854012E-03
-390.800E-09,-50.572863780E-03
-384.200E-09,+28.856281098E-03
-377.600E-09,+29.451255966E-03
-371.000E-09,-56.522612460E-03
-364.400E-09,+29.302512250E-03
-357.800E-09,+33.095477032E-03
-351.200E-09,-59.497486800E-03
-344.600E-09,+28.038190655E-03
-338.000E-09,+40.904522174E-03
-331.400E-09,-62.249245565E-03
-324.800E-09,+22.162813834E-03
-318.200E-09,+41.499497042E-03
-311.600E-09,-64.108542027E-03
-305.000E-09,+16.733668163E-03
-298.400E-09,+50.870351214E-03
-291.800E-09,-65.893466631E-03
-285.200E-09,+15.543718427E-03
-278.600E-09,+53.250250686E-03
-272.000E-09,-65.819094773E-03
-265.400E-09,+11.304522493E-03
-258.800E-09,+58.605024498E-03
-252.200E-09,-67.009044509E-03
-245.600E-09,+5.875376822E-03
-239.000E-09,+62.844220432E-03
-232.400E-09,-68.050250528E-03
-225.800E-09,-1.189949735E-03
-219.200E-09,+68.793969112E-03
-212.600E-09,-68.050250528E-03
-206.000E-09,-2.974874339E-03
-199.400E-09,+71.620099735E-03
-192.800E-09,-65.075376188E-03
-186.200E-09,-7.214070274E-03
-179.600E-09,+79.354773019E-03
-173.000E-09,-68.050250528E-03
-166.400E-09,-12.568844086E-03
-159.800E-09,+81.139697623E-03
-153.200E-09,-65.075376188E-03
-146.600E-09,-17.923617898E-03
-140.000E-09,+88.874370907E-03
-133.400E-09,-67.827134953E-03
-126.800E-09,-24.542713304E-03
-120.200E-09,+93.113566842E-03
-113.600E-09,-63.067336009E-03
-107.000E-09,-28.633165522E-03
-100.400E-09,+98.170853220E-03
-93.800E-09,-61.282411405E-03
-87.200E-09,-39.417085004E-03
-80.600E-09,+101.145727560E-03
-74.000E-09,-57.638190338E-03
-67.400E-09,-48.267336166E-03
-60.800E-09,+104.120601900E-03
-54.200E-09,-52.283416526E-03
-47.600E-09,-55.927637591E-03
-41.000E-09,+107.095476240E-03
-34.400E-09,-46.854270856E-03
-27.800E-09,-60.241205384E-03
-21.200E-09,+107.095476240E-03
-14.600E-09,-46.184924130E-03
-8.000E-09,-70.281406282E-03
-1.400E-09,+112.747737486E-03
+5.200E-09,-36.665326242E-03
+11.800E-09,-75.115577084E-03
+18.400E-09,+116.317586694E-03
+25.000E-09,-31.236180571E-03
+31.600E-09,-83.891456387E-03
+38.200E-09,+113.937687222E-03
+44.800E-09,-27.071356495E-03
+51.400E-09,-88.651255331E-03
+58.000E-09,+117.507536430E-03
+64.600E-09,-16.882411881E-03
+71.200E-09,-96.385928615E-03
+77.800E-09,+115.127636958E-03
+84.400E-09,-12.122612937E-03
+91.000E-09,-104.120601899E-03
+97.600E-09,+115.425124393E-03
+104.200E-09,-4.387939653E-03
+110.800E-09,-111.334672174E-03
+117.400E-09,+113.640199789E-03
+124.000E-09,+5.206030094E-03
+130.600E-09,-119.292461034E-03
+137.200E-09,+111.855275185E-03
+143.800E-09,+10.560803906E-03
+150.400E-09,-127.622109186E-03
+157.000E-09,+107.095476241E-03
+163.600E-09,+21.865326398E-03
+170.200E-09,-130.002008658E-03
+176.800E-09,+105.831154646E-03
+183.400E-09,+33.169848890E-03
+190.000E-09,-134.241204592E-03
+196.600E-09,+100.253265259E-03
+203.200E-09,+38.524622702E-03
+209.800E-09,-140.190953272E-03
+216.400E-09,+95.419094457E-03
+223.000E-09,+48.713567316E-03
+229.600E-09,-145.768842660E-03
+236.200E-09,+88.948742767E-03
+242.800E-09,+57.638190336E-03
+249.400E-09,-145.768842660E-03
+256.000E-09,+82.924622229E-03
+262.600E-09,+66.414069639E-03
+269.200E-09,-148.743717000E-03
+275.800E-09,+78.164823285E-03
+282.400E-09,+77.123617263E-03
+289.000E-09,-148.743717000E-03
+295.600E-09,+73.181908766E-03
+302.200E-09,+84.858290547E-03
+308.800E-09,-151.718591340E-03
+315.400E-09,+61.356783264E-03
+322.000E-09,+92.592963831E-03
+328.600E-09,-151.346732048E-03
+335.200E-09,+54.142712990E-03
+341.800E-09,+103.302511455E-03
+348.400E-09,-149.041204434E-03
+355.000E-09,+46.482411564E-03
+361.600E-09,+110.814069164E-03
+368.200E-09,-151.346732048E-03
+374.800E-09,+35.103517213E-03
+381.400E-09,+116.763817844E-03
+388.000E-09,-148.371857708E-03
+394.600E-09,+25.509547467E-03
+401.200E-09,+122.713566524E-03
+407.800E-09,-148.371857708E-03
+414.400E-09,+15.394974711E-03
+421.000E-09,+131.638189544E-03
+427.600E-09,-145.025124076E-03
+434.200E-09,+5.280401955E-03
+440.800E-09,+137.587938224E-03
+447.400E-09,-136.769847782E-03
+454.000E-09,-4.834170801E-03
+460.600E-09,+143.240199470E-03
+467.200E-09,-133.125626716E-03
+473.800E-09,-11.973869217E-03
+480.400E-09,+146.810048678E-03
+487.000E-09,-127.175878036E-03
+493.600E-09,-24.988944454E-03
+500.200E-09,+150.379897886E-03
+506.800E-09,-121.226129356E-03
+513.400E-09,-32.203014729E-03
+520.000E-09,+155.065324972E-03
+526.600E-09,-114.978893242E-03
+533.200E-09,-44.028140230E-03
+539.800E-09,+157.519596302E-03
+546.400E-09,-109.624119430E-03
+553.000E-09,-53.547738118E-03
+559.600E-09,+163.618088700E-03
+566.200E-09,-98.319596938E-03
+572.800E-09,-63.067336006E-03
+579.400E-09,+158.337686746E-03
+586.000E-09,-89.989948786E-03
+592.600E-09,-75.413064518E-03
+599.200E-09,+162.353767105E-03
+605.800E-09,-81.660300634E-03
+612.400E-09,-80.767838330E-03
+619.000E-09,+157.668340020E-03
+625.600E-09,-73.181908765E-03
+632.200E-09,-87.833164887E-03
+638.800E-09,+157.668340020E-03
+645.400E-09,-63.662310877E-03
+652.000E-09,-95.567838171E-03
+658.600E-09,+157.296480728E-03
+665.200E-09,-54.142712989E-03
+671.800E-09,-105.756782786E-03
+678.400E-09,+154.321606388E-03
+685.000E-09,-43.507537224E-03
+691.600E-09,-110.814069164E-03
+698.200E-09,+149.636179302E-03
+704.800E-09,-37.557788544E-03
+711.400E-09,-119.738692184E-03
+718.000E-09,+142.422109028E-03
+724.600E-09,-19.634170645E-03
+731.200E-09,-119.738692184E-03
+737.800E-09,+139.447234688E-03
+744.400E-09,-16.064321438E-03
+751.000E-09,-122.713566524E-03
+757.600E-09,+136.174872914E-03
+764.200E-09,-5.280401955E-03
+770.800E-09,-125.688440864E-03
+777.400E-09,+127.845224762E-03
+784.000E-09,+4.090452216E-03
+790.600E-09,-131.266330252E-03
+797.200E-09,+117.805023865E-03
+803.800E-09,+12.494472227E-03
+810.400E-09,-134.241204592E-03
+817.000E-09,+111.185928458E-03
+823.600E-09,+21.939698256E-03
+830.200E-09,-131.266330252E-03
+836.800E-09,+108.285425977E-03
+843.400E-09,+30.194974550E-03
+850.000E-09,-134.241204592E-03
+856.600E-09,+100.253265259E-03
+863.200E-09,+35.549748362E-03
+869.800E-09,-134.241204592E-03
+876.400E-09,+93.113566843E-03
+883.000E-09,+44.994974391E-03
+889.600E-09,-133.943717158E-03
+896.200E-09,+82.998994087E-03
+902.800E-09,+52.209044666E-03
+909.400E-09,-130.894470960E-03
+916.000E-09,+74.743717793E-03
+922.600E-09,+57.415074761E-03
+929.200E-09,-129.183918214E-03
+935.800E-09,+68.198994245E-03
+942.400E-09,+66.860300790E-03
+949.000E-09,-127.919596620E-03
+955.600E-09,+61.505526981E-03
+962.200E-09,+70.430149998E-03
+968.800E-09,-124.944722280E-03
+975.400E-09,+48.490451743E-03
+982.000E-09,+75.115577084E-03
+988.600E-09,-121.672360506E-03
+995.200E-09,+42.615074922E-03
+1.001800E-06,+78.090451424E-03
+1.008400E-06,-119.292461034E-03
+1.015000E-06,+34.211054911E-03
+1.021600E-06,+83.891456387E-03
+1.028200E-06,-109.252260137E-03
+1.034800E-06,+27.071356495E-03
+1.041400E-06,+85.007034265E-03
+1.048000E-06,-105.608039070E-03
+1.054600E-06,+19.931658079E-03
+1.061200E-06,+87.461305595E-03
+1.067800E-06,-102.707536589E-03
+1.074400E-06,+12.791959663E-03
+1.081000E-06,+87.386933737E-03
+1.087600E-06,-94.749747730E-03
+1.094200E-06,+3.941708502E-03
+1.100800E-06,+89.097486482E-03
+1.107400E-06,-91.179898522E-03
+1.114000E-06,-2.603015046E-03
+1.120600E-06,+89.543717634E-03
+1.127200E-06,-84.635174974E-03
+1.133800E-06,-6.693467264E-03
+1.140400E-06,+91.254270379E-03
+1.147000E-06,-78.090451426E-03
+1.153600E-06,-15.618090284E-03
+1.160200E-06,+90.064320643E-03
+1.166800E-06,-71.545727878E-03
+1.173400E-06,-17.923617898E-03
+1.180000E-06,+88.874370907E-03
+1.186600E-06,-61.951758131E-03
+1.193200E-06,-23.278391710E-03
+1.199800E-06,+87.684421171E-03
+1.206400E-06,-57.786934055E-03
+1.213000E-06,-29.748743399E-03
+1.219600E-06,+83.296481520E-03
+1.226200E-06,-52.357788385E-03
+1.232800E-06,-31.533668003E-03
+1.239400E-06,+83.296481520E-03
+1.246000E-06,-46.482411563E-03
+1.252600E-06,-36.219095089E-03
+1.259200E-06,+81.585928774E-03
+1.265800E-06,-39.342713147E-03
+1.272400E-06,-39.714572438E-03
+1.279000E-06,+74.371858500E-03
+1.285600E-06,-38.078391553E-03
+1.292200E-06,-41.573868901E-03
+1.298800E-06,+74.371858500E-03
+1.305400E-06,-28.038190655E-03
+1.312000E-06,-43.879396514E-03
+1.318600E-06,+71.173868585E-03
+1.325200E-06,-20.898492239E-03
+1.331800E-06,-47.449245722E-03
+1.338400E-06,+67.083416367E-03
+1.345000E-06,-19.708542503E-03
+1.351600E-06,-47.895476874E-03
+1.358200E-06,+61.208039546E-03
+1.364800E-06,-15.023115418E-03
+1.371400E-06,-47.969848732E-03
+1.378000E-06,+58.753768215E-03
+1.384600E-06,-8.404020011E-03
+1.391200E-06,-48.416079883E-03
+1.397800E-06,+54.588944139E-03
+1.404400E-06,-4.908542662E-03
+1.411000E-06,-46.110552270E-03
+1.417600E-06,+53.324622545E-03
+1.424200E-06,-1.338693454E-03
+1.430800E-06,-46.036180411E-03
+1.437400E-06,+48.564823601E-03
+1.444000E-06,-743.718586E-06
+1.450600E-06,-44.846230675E-03
+1.457200E-06,+43.805024657E-03
+1.463800E-06,+8.775879302E-03
+1.470400E-06,-45.961808553E-03
+1.477000E-06,+39.045225713E-03
+1.483600E-06,+6.321607972E-03
+1.490200E-06,-44.176883949E-03
+1.496800E-06,+37.260301109E-03
+1.503400E-06,+11.602009926E-03
+1.510000E-06,-42.391959345E-03
+1.516600E-06,+32.426130306E-03
+1.523200E-06,+11.007035058E-03
+1.529800E-06,-41.127637750E-03
+1.536400E-06,+27.740703221E-03
+1.543000E-06,+13.386934530E-03
+1.549600E-06,-38.673366420E-03
+1.556200E-06,+27.666331362E-03
+1.562800E-06,+15.766834002E-03
+1.569400E-06,-38.673366420E-03
+1.576000E-06,+21.195979673E-03
+1.582600E-06,+18.072361615E-03
+1.589200E-06,-35.698492080E-03
+1.595800E-06,+18.890452059E-03
+1.602400E-06,+16.882411879E-03
+1.609000E-06,-32.723617740E-03
+1.615600E-06,+14.576884266E-03
+1.622200E-06,+18.667336483E-03
+1.628800E-06,-32.723617740E-03
+1.635400E-06,+12.866331521E-03
+1.642000E-06,+17.477386747E-03
+1.648600E-06,-26.773869060E-03
+1.655200E-06,+11.081406917E-03
+1.661800E-06,+19.262311351E-03
+1.668400E-06,-29.079396674E-03
+1.675000E-06,+9.296482313E-03
+1.681600E-06,+20.972864097E-03
+1.688200E-06,-25.509547466E-03
+1.694800E-06,+4.016080359E-03
+1.701400E-06,+19.187939493E-03
+1.708000E-06,-21.939698258E-03
+1.714600E-06,+5.726633105E-03
+1.721200E-06,+20.377889229E-03
+1.727800E-06,-18.369849050E-03
+1.734400E-06,+3.941708501E-03
+1.741000E-06,+19.708542502E-03
+1.747600E-06,-17.774874182E-03
+1.754200E-06,+446.231151E-06
+1.760800E-06,+16.808040021E-03
+1.767400E-06,-17.179899314E-03
+1.774000E-06,-743.718585E-06
+1.780600E-06,+17.923617898E-03
+1.787200E-06,-16.584924446E-03
+1.793800E-06,-1.933668321E-03
+1.800400E-06,+15.543718426E-03
+1.807000E-06,-15.989949578E-03
+1.813600E-06,-3.123618057E-03
+1.820200E-06,+16.138693294E-03
+1.826800E-06,-12.420100370E-03
+1.833400E-06,-4.313567793E-03
+1.840000E-06,+17.849246040E-03
+1.846600E-06,-11.750753643E-03
+1.853200E-06,-2.528643189E-03
+1.859800E-06,+17.328643030E-03
+1.866400E-06,-11.230150634E-03
+1.873000E-06,-6.693467265E-03
+1.879600E-06,+14.874371700E-03
+1.886200E-06,-9.370854171E-03
+1.892800E-06,-5.429145670E-03
+1.899400E-06,+11.899497360E-03
+1.906000E-06,-4.090452218E-03
+1.912600E-06,-6.024120538E-03
+1.919200E-06,+17.849246040E-03
+1.925800E-06,-4.016080359E-03
+1.932400E-06,-3.644221066E-03
+1.939000E-06,+11.899497360E-03
+1.945600E-06,-5.875376822E-03
+1.952200E-06,-4.239195934E-03
+1.958800E-06,+8.924623020E-03
+1.965400E-06,-2.305527614E-03
+1.972000E-06,-4.834170802E-03
+1.978600E-06,+11.899497360E-03
+1.985200E-06,-3.421105491E-03
+1.991800E-06,-8.404020010E-03
+1.998400E-06,+8.924623020E-03
+2.005000E-06,-1.115577878E-03
+2.011600E-06,-5.949748680E-03
+2.018200E-06,+8.924623020E-03
+2.024800E-06,-3.495477350E-03
+2.031400E-06,-6.619095406E-03
+2.038000E-06,+5.949748680E-03
+2.044600E-06,-2.900502482E-03
+2.051200E-06,-7.214070274E-03
+2.057800E-06,+6.470351690E-03
+2.064400E-06,+669.346726E-06
+2.071000E-06,-5.949748680E-03
+2.077600E-06,+5.875376822E-03
+2.084200E-06,-1.710552746E-03
+2.090800E-06,-2.974874340E-03
+2.097400E-06,+2.974874340E-03
+2.104000E-06,+1.859296462E-03
+2.110600E-06,-5.949748680E-03
+2.117200E-06,+4.685427086E-03
+2.123800E-06,+2.454271330E-03
+2.130400E-06,-3.644221066E-03
+2.137000E-06,+2.974874340E-03
+2.143600E-06,+74.371858E-06
+2.150200E-06,-5.949748680E-03
+2.156800E-06,+5.429145670E-03
+2.163400E-06,+669.346726E-06
+2.170000E-06,-4.834170802E-03
+2.176600E-06,+2.974874340E-03
+2.183200E-06,+0.0E+00
+2.189800E-06,-2.974874340E-03
+2.196400E-06,+5.280401954E-03
+2.203000E-06,+1.859296462E-03
+2.209600E-06,-5.949748680E-03
+2.216200E-06,+1.710552746E-03
+2.222800E-06,+2.454271330E-03
+2.229400E-06,-2.305527614E-03
+2.236000E-06,+2.974874340E-03
+2.242600E-06,+2.974874340E-03
+2.249200E-06,-2.974874340E-03
+2.255800E-06,+2.974874340E-03
+2.262400E-06,+2.974874340E-03
+2.269000E-06,-1.115577878E-03
+2.275600E-06,+2.900502482E-03
+2.282200E-06,+0.0E+00
+2.288800E-06,-2.974874340E-03
+2.295400E-06,+2.305527614E-03
+2.302000E-06,+1.859296462E-03
+2.308600E-06,-2.974874340E-03
+2.315200E-06,+1.710552746E-03
+2.321800E-06,+2.974874340E-03
+2.328400E-06,+0.0E+00
+2.335000E-06,+1.115577878E-03
+2.341600E-06,+74.371858E-06
+2.348200E-06,+0.0E+00
+2.354800E-06,+520.603010E-06
+2.361400E-06,+2.974874340E-03
+2.368000E-06,+0.0E+00
+2.374600E-06,+0.0E+00
+2.381200E-06,+0.0E+00
+2.387800E-06,+0.0E+00
+2.394400E-06,+2.974874340E-03
+2.401000E-06,+2.974874340E-03
+2.407600E-06,+2.974874340E-03
+2.414200E-06,+0.0E+00
+2.420800E-06,+2.454271330E-03
+2.427400E-06,+0.0E+00
+2.434000E-06,+0.0E+00
+2.440600E-06,+2.974874340E-03
+2.447200E-06,+0.0E+00
+2.453800E-06,+0.0E+00
+2.460400E-06,+0.0E+00
+2.467000E-06,+2.974874340E-03
+2.473600E-06,+74.371858E-06
+2.480200E-06,+2.974874340E-03
+2.486800E-06,+0.0E+00
+2.493400E-06,+0.0E+00
+2.500000E-06,+2.974874340E-03
+2.506600E-06,+0.0E+00
+2.513200E-06,+0.0E+00
+2.519800E-06,+2.974874340E-03
+2.526400E-06,+0.0E+00
+2.533000E-06,+0.0E+00
+2.539600E-06,+2.900502482E-03
+2.546200E-06,+0.0E+00
+2.552800E-06,-2.454271330E-03
+2.559400E-06,+0.0E+00
+2.566000E-06,+0.0E+00
+2.572600E-06,+0.0E+00
+2.579200E-06,+2.974874340E-03
+2.585800E-06,+0.0E+00
+2.592400E-06,+0.0E+00
+2.599000E-06,+0.0E+00
+2.605600E-06,+0.0E+00
+2.612200E-06,+2.974874340E-03
+2.618800E-06,+0.0E+00
+2.625400E-06,+0.0E+00
+2.632000E-06,+0.0E+00
+2.638600E-06,+0.0E+00
+2.645200E-06,+0.0E+00
+2.651800E-06,+0.0E+00
+2.658400E-06,+0.0E+00
+2.665000E-06,+0.0E+00
+2.671600E-06,+0.0E+00
+2.678200E-06,-2.974874340E-03
+2.684800E-06,+0.0E+00
+2.691400E-06,+0.0E+00
+2.698000E-06,+0.0E+00
+2.704600E-06,+0.0E+00
+2.711200E-06,+0.0E+00
+2.717800E-06,+0.0E+00
+2.724400E-06,+0.0E+00
+2.731000E-06,+0.0E+00
+2.737600E-06,+0.0E+00
+2.744200E-06,-2.974874340E-03
+2.750800E-06,+2.974874340E-03
+2.757400E-06,+669.346726E-06
+2.764000E-06,+0.0E+00
+2.770600E-06,-2.900502482E-03
+2.777200E-06,+1.710552746E-03
+2.783800E-06,+2.454271330E-03
+2.790400E-06,+669.346726E-06
+2.797000E-06,+2.974874340E-03
+2.803600E-06,-2.974874340E-03
+2.810200E-06,+0.0E+00
+2.816800E-06,+0.0E+00
+2.823400E-06,+0.0E+00
+2.830000E-06,+0.0E+00
+2.836600E-06,+74.371858E-06
+2.843200E-06,+0.0E+00
+2.849800E-06,+0.0E+00
+2.856400E-06,+669.346726E-06
+2.863000E-06,+0.0E+00
+2.869600E-06,+0.0E+00
+2.876200E-06,+2.974874340E-03
+2.882800E-06,+0.0E+00
+2.889400E-06,+0.0E+00
+2.896000E-06,+0.0E+00
+2.902600E-06,+2.900502482E-03
+2.909200E-06,+2.974874340E-03
+2.915800E-06,+0.0E+00
+2.922400E-06,+0.0E+00
+2.929000E-06,-2.974874340E-03
+2.935600E-06,+0.0E+00
+2.942200E-06,-2.974874340E-03
+2.948800E-06,+2.974874340E-03
+2.955400E-06,+0.0E+00
+2.962000E-06,+0.0E+00
+2.968600E-06,+0.0E+00
+2.975200E-06,+1.710552746E-03
+2.981800E-06,+2.974874340E-03
+2.988400E-06,-2.305527614E-03
+2.995000E-06,+0.0E+00
+3.001600E-06,+2.974874340E-03
+3.008200E-06,+0.0E+00
+3.014800E-06,+2.974874340E-03
+3.021400E-06,+0.0E+00
+3.028000E-06,+2.974874340E-03
+3.034600E-06,+74.371858E-06
+3.041200E-06,+0.0E+00
+3.047800E-06,+0.0E+00
+3.054400E-06,+0.0E+00
+3.061000E-06,+0.0E+00
+3.067600E-06,+0.0E+00
+3.074200E-06,+1.710552746E-03
+3.080800E-06,+0.0E+00
+3.087400E-06,+0.0E+00
+3.094000E-06,+0.0E+00
+3.100600E-06,+0.0E+00
+3.107200E-06,+0.0E+00
+3.113800E-06,+0.0E+00
+3.120400E-06,-2.974874340E-03
+3.127000E-06,+0.0E+00
+3.133600E-06,-2.900502482E-03
+3.140200E-06,+0.0E+00
+3.146800E-06,+520.603010E-06
+3.153400E-06,+2.974874340E-03
+3.160000E-06,+0.0E+00
+3.166600E-06,+0.0E+00
+3.173200E-06,+0.0E+00
+3.179800E-06,+2.974874340E-03
+3.186400E-06,+0.0E+00
+3.193000E-06,-2.974874340E-03
+3.199600E-06,-2.974874340E-03
+3.206200E-06,-1.264321594E-03
+3.212800E-06,+2.974874340E-03
+3.219400E-06,+0.0E+00
+3.226000E-06,+0.0E+00
+3.232600E-06,+74.371858E-06
+3.239200E-06,+0.0E+00
+3.245800E-06,+0.0E+00
+3.252400E-06,+0.0E+00
+3.259000E-06,+0.0E+00
+3.265600E-06,+0.0E+00
+3.272200E-06,+1.264321594E-03
+3.278800E-06,+0.0E+00
+3.285400E-06,+0.0E+00
+3.292000E-06,+0.0E+00
+3.298600E-06,+0.0E+00
+3.305200E-06,+0.0E+00
+3.311800E-06,+2.974874340E-03
+3.318400E-06,+0.0E+00
+3.325000E-06,+0.0E+00
+3.331600E-06,+0.0E+00
+3.338200E-06,+0.0E+00
+3.344800E-06,+2.454271330E-03
+3.351400E-06,+0.0E+00
+3.358000E-06,+2.974874340E-03
+3.364600E-06,+0.0E+00
+3.371200E-06,+0.0E+00
+3.377800E-06,+0.0E+00
+3.384400E-06,+669.346726E-06
+3.391000E-06,+0.0E+00
+3.397600E-06,+0.0E+00
+3.404200E-06,+0.0E+00
+3.410800E-06,+0.0E+00
+3.417400E-06,+0.0E+00
+3.424000E-06,+0.0E+00
+3.430600E-06,+0.0E+00
+3.437200E-06,+0.0E+00
+3.443800E-06,+0.0E+00
+3.450400E-06,+0.0E+00
+3.457000E-06,+0.0E+00
+3.463600E-06,+0.0E+00
+3.470200E-06,+0.0E+00
+3.476800E-06,+2.974874340E-03
+3.483400E-06,+0.0E+00
+3.490000E-06,+0.0E+00
+3.496600E-06,+0.0E+00
+3.503200E-06,+0.0E+00
+3.509800E-06,+0.0E+00
+3.516400E-06,+2.305527614E-03
+3.523000E-06,+0.0E+00
+3.529600E-06,-2.974874340E-03
+3.536200E-06,+0.0E+00
+3.542800E-06,+0.0E+00
+3.549400E-06,+669.346726E-06
+3.556000E-06,+2.974874340E-03
+3.562600E-06,+0.0E+00
+3.569200E-06,-2.974874340E-03
+3.575800E-06,+0.0E+00
+3.582400E-06,+0.0E+00
+3.589000E-06,+0.0E+00
+3.595600E-06,+2.900502482E-03
+3.602200E-06,+0.0E+00
+3.608800E-06,+0.0E+00
+3.615400E-06,+2.305527614E-03
+3.622000E-06,+2.974874340E-03
+3.628600E-06,+0.0E+00
+3.635200E-06,+0.0E+00
+3.641800E-06,+0.0E+00
+3.648400E-06,-2.305527614E-03
+3.655000E-06,+2.974874340E-03
+3.661600E-06,+74.371858E-06
+3.668200E-06,-2.974874340E-03
+3.674800E-06,+0.0E+00
+3.681400E-06,+0.0E+00
+3.688000E-06,+0.0E+00
+3.694600E-06,+2.900502482E-03
+3.701200E-06,+2.974874340E-03
+3.707800E-06,+0.0E+00
+3.714400E-06,-2.974874340E-03
+3.721000E-06,+0.0E+00
+3.727600E-06,+0.0E+00
+3.734200E-06,+0.0E+00
+3.740800E-06,+2.454271330E-03
+3.747400E-06,-2.974874340E-03
+3.754000E-06,+1.115577878E-03
+3.760600E-06,+2.974874340E-03
+3.767200E-06,-2.974874340E-03
+3.773800E-06,-2.454271330E-03
+3.780400E-06,+2.974874340E-03
+3.787000E-06,-2.974874340E-03
+3.793600E-06,+0.0E+00
+3.800200E-06,+1.264321594E-03
+3.806800E-06,-2.974874340E-03
+3.813400E-06,+2.305527614E-03
+3.820000E-06,+5.949748680E-03
+3.826600E-06,-2.974874340E-03
+3.833200E-06,+0.0E+00
+3.839800E-06,+5.429145670E-03
+3.846400E-06,-5.280401954E-03
+3.853000E-06,-1.859296462E-03
+3.859600E-06,+2.974874340E-03
+3.866200E-06,-1.710552746E-03
+3.872800E-06,-2.454271330E-03
+3.879400E-06,+2.974874340E-03
+3.886000E-06,-2.974874340E-03
+3.892600E-06,-2.974874340E-03
+3.899200E-06,+5.949748680E-03
+3.905800E-06,-2.974874340E-03
+3.912400E-06,-669.346726E-06
+3.919000E-06,+5.949748680E-03
+3.925600E-06,-2.900502482E-03
+3.932200E-06,-2.974874340E-03
+3.938800E-06,+5.949748680E-03
+3.945400E-06,-5.280401954E-03
+3.952000E-06,-2.974874340E-03
+3.958600E-06,+5.949748680E-03
+3.965200E-06,-1.710552746E-03
+3.971800E-06,-2.454271330E-03
+3.978400E-06,+8.255276294E-03
+3.985000E-06,-1.115577878E-03
+3.991600E-06,-5.949748680E-03
+3.998200E-06,+5.949748680E-03
+4.004800E-06,-520.603010E-06
+4.011400E-06,-5.949748680E-03
+4.018000E-06,+8.924623020E-03
+4.024600E-06,-2.900502482E-03
+4.031200E-06,-5.949748680E-03
+4.037800E-06,+6.470351690E-03
+4.044400E-06,-2.305527614E-03
+4.051000E-06,-7.809045142E-03
+4.057600E-06,+8.850251162E-03
+4.064200E-06,+1.264321594E-03
+4.070800E-06,-8.404020010E-03
+4.077400E-06,+11.230150634E-03
+4.084000E-06,-1.115577878E-03
+4.090600E-06,-8.924623020E-03
+4.097200E-06,+8.924623020E-03
+4.103800E-06,+1.933668321E-03
+4.110400E-06,-9.593969746E-03
+4.117000E-06,+7.065326558E-03
+4.123600E-06,+3.049246198E-03
+4.130200E-06,-13.163818954E-03
+4.136800E-06,+9.445226030E-03
+4.143400E-06,+3.644221066E-03
+4.150000E-06,-11.899497360E-03
+4.156600E-06,+8.850251162E-03
+4.163200E-06,+5.503517529E-03
+4.169800E-06,-14.353768690E-03
+4.176400E-06,+8.255276294E-03
+4.183000E-06,+4.834170802E-03
+4.189600E-06,-17.849246040E-03
+4.196200E-06,+9.370854171E-03
+4.202800E-06,+5.429145670E-03
+4.209400E-06,-17.849246040E-03
+4.216000E-06,+10.040200898E-03
+4.222600E-06,+6.098492397E-03
+4.229200E-06,-17.849246040E-03
+4.235800E-06,+9.965829039E-03
+4.242400E-06,+12.568844086E-03
+4.249000E-06,-17.849246040E-03
+4.255600E-06,+8.775879303E-03
+4.262200E-06,+8.478391869E-03
+4.268800E-06,-20.824120380E-03
+4.275400E-06,+7.585929567E-03
+4.282000E-06,+12.643215945E-03
+4.288600E-06,-20.749748522E-03
+4.295200E-06,+6.395979831E-03
+4.301800E-06,+16.808040021E-03
+4.308400E-06,-20.154773654E-03
+4.315000E-06,+5.206030095E-03
+4.321600E-06,+17.923617898E-03
+4.328200E-06,-22.534673126E-03
+4.334800E-06,+6.990954699E-03
+4.341400E-06,+19.187939493E-03
+4.348000E-06,-23.798994720E-03
+4.354600E-06,+5.726633105E-03
+4.361200E-06,+20.377889229E-03
+4.367800E-06,-24.319597730E-03
+4.374400E-06,+3.941708501E-03
+4.381000E-06,+24.542713305E-03
+4.387600E-06,-29.599999683E-03
+4.394200E-06,-2.082412037E-03
+4.400800E-06,+25.732663041E-03
+4.407400E-06,-25.435175607E-03
+4.414000E-06,-1.487437169E-03
+4.420600E-06,+29.823115258E-03
+4.427200E-06,-27.220100211E-03
+4.433800E-06,-1.413065311E-03
+4.440400E-06,+31.087436853E-03
+4.447000E-06,-29.005024815E-03
+4.453600E-06,-3.272361773E-03
+4.460200E-06,+36.962813674E-03
+4.466800E-06,-27.815075079E-03
+4.473400E-06,-10.932663199E-03
+4.480000E-06,+36.442210665E-03
+4.486600E-06,-29.451255967E-03
+4.493200E-06,-11.007035057E-03
+4.499800E-06,+38.152763410E-03
+4.506400E-06,-27.740703221E-03
+4.513000E-06,-13.386934529E-03
+4.519600E-06,+44.548743242E-03
+4.526200E-06,-27.666331363E-03
+4.532800E-06,-18.221105331E-03
+4.539400E-06,+47.597989440E-03
+4.546000E-06,-28.261306231E-03
+4.552600E-06,-24.096482153E-03
+4.559200E-06,+47.597989440E-03
+4.565800E-06,-22.906532419E-03
+4.572400E-06,-26.476381625E-03
+4.579000E-06,+50.572863780E-03
+4.585600E-06,-23.427135429E-03
+4.592200E-06,-27.145728351E-03
+4.598800E-06,+53.547738120E-03
+4.605400E-06,-23.427135429E-03
+4.612000E-06,-33.095477031E-03
+4.618600E-06,+56.373868743E-03
+4.625200E-06,-19.187939494E-03
+4.631800E-06,-36.070351371E-03
+4.638400E-06,+55.183919007E-03
+4.645000E-06,-18.592964626E-03
+4.651600E-06,-41.945728193E-03
+4.658200E-06,+59.943717951E-03
+4.664800E-06,-15.023115418E-03
+4.671400E-06,-47.300502005E-03
+4.678000E-06,+61.728642555E-03
+4.684600E-06,-11.378894352E-03
+4.691200E-06,-50.944723071E-03
+4.697800E-06,+60.538692819E-03
+4.704400E-06,-7.214070276E-03
+4.711000E-06,-56.894471751E-03
+4.717600E-06,+62.174873707E-03
+4.724200E-06,-3.049246200E-03
+4.730800E-06,-60.389949101E-03
+4.737400E-06,+62.769848575E-03
+4.744000E-06,+2.974874338E-03
+4.750600E-06,-65.670351055E-03
+4.757200E-06,+63.364823443E-03
+4.763800E-06,+4.759798942E-03
+4.770400E-06,-70.430149999E-03
+4.777000E-06,+62.100501849E-03
+4.783600E-06,+12.494472226E-03
+4.790200E-06,-75.189948943E-03
+4.796800E-06,+59.125627509E-03
+4.803400E-06,+17.254271170E-03
+4.810000E-06,-79.949747887E-03
+4.816600E-06,+58.976883792E-03
+4.823200E-06,+22.014070114E-03
+4.829800E-06,-81.734672491E-03
+4.836400E-06,+60.092461670E-03
+4.843000E-06,+28.633165521E-03
+4.849600E-06,-89.246230200E-03
+4.856200E-06,+56.596984320E-03
+4.862800E-06,+33.987939332E-03
+4.869400E-06,-92.221104540E-03
+4.876000E-06,+56.522612462E-03
+4.882600E-06,+42.317587485E-03
+4.889200E-06,-98.170853220E-03
+4.895800E-06,+48.787939178E-03
+4.902400E-06,+47.672361296E-03
+4.909000E-06,-98.170853220E-03
+4.915600E-06,+46.854270857E-03
+4.922200E-06,+56.002009448E-03
+4.928800E-06,-104.120601900E-03
+4.935400E-06,+40.904522177E-03
+4.942000E-06,+64.331657600E-03
+4.948600E-06,-103.897486325E-03
+4.955200E-06,+36.665326243E-03
+4.961800E-06,+69.686431412E-03
+4.968400E-06,-105.087436061E-03
+4.975000E-06,+31.236180573E-03
+4.981600E-06,+74.966833366E-03
+4.988200E-06,-106.277385797E-03
+4.994800E-06,+26.550753487E-03
+5.001400E-06,+87.981908604E-03
+5.008000E-06,-105.608039071E-03
+5.014600E-06,+19.931658081E-03
+5.021200E-06,+90.436179934E-03
+5.027800E-06,-105.682410929E-03
+5.034400E-06,+12.791959665E-03
+5.041000E-06,+98.170853218E-03
+5.047600E-06,-109.549747572E-03
+5.054200E-06,+5.652261249E-03
+5.060800E-06,+103.451255172E-03
+5.067400E-06,-107.690451110E-03
+5.074000E-06,-3.346733630E-03
+5.080600E-06,+110.442209871E-03
+5.087200E-06,-102.930652166E-03
+5.093800E-06,-10.560803904E-03
+5.100400E-06,+115.722611825E-03
+5.107000E-06,-101.145727562E-03
+5.113600E-06,-18.816080198E-03
+5.120200E-06,+122.341707231E-03
+5.126800E-06,-99.360802958E-03
+5.133400E-06,-26.550753482E-03
+5.140000E-06,+128.291455911E-03
+5.146600E-06,-94.377888439E-03
+5.153200E-06,-38.524622700E-03
+5.159800E-06,+131.266330251E-03
+5.166400E-06,-93.113566845E-03
+5.173000E-06,-46.854270852E-03
+5.179600E-06,+136.844219640E-03
+5.186200E-06,-85.973868429E-03
+5.192800E-06,-54.663315994E-03
+5.199400E-06,+142.793968320E-03
+5.206000E-06,-78.834170013E-03
+5.212600E-06,-63.364823439E-03
+5.219200E-06,+142.793968320E-03
+5.225800E-06,-77.644220277E-03
+5.232400E-06,-71.173868581E-03
+5.239000E-06,+142.793968320E-03
+5.245600E-06,-67.380903804E-03
+5.252200E-06,-80.619094611E-03
+5.258800E-06,+145.768842660E-03
+5.265400E-06,-61.356783266E-03
+5.272000E-06,-86.643215149E-03
+5.278600E-06,+148.446229567E-03
+5.285200E-06,-52.432160246E-03
+5.291800E-06,-97.873365783E-03
+5.298400E-06,+148.371857709E-03
+5.305000E-06,-46.482411566E-03
+5.311600E-06,-107.839194823E-03
+5.318200E-06,+146.661304963E-03
+5.324800E-06,-37.557788546E-03
+5.331400E-06,-113.788943503E-03
+5.338000E-06,+145.396983369E-03
+5.344600E-06,-28.484421809E-03
+5.351200E-06,-122.713566523E-03
+5.357800E-06,+144.876380359E-03
+5.364400E-06,-18.369849054E-03
+5.371000E-06,-128.663315203E-03
+5.377600E-06,+142.124621595E-03
+5.384200E-06,-8.255276297E-03
+5.390800E-06,-134.613063883E-03
+5.397400E-06,+136.769847784E-03
+5.404000E-06,+4.834170798E-03
+5.410600E-06,-140.265325129E-03
+5.417200E-06,+131.415073972E-03
+5.423800E-06,+14.948743554E-03
+5.430400E-06,-143.835174337E-03
+5.437000E-06,+129.035174500E-03
+5.443600E-06,+22.088441970E-03
+5.450200E-06,-150.379897885E-03
+5.456800E-06,+124.201003697E-03
+5.463400E-06,+34.508542340E-03
+5.470000E-06,-153.949747093E-03
+5.476600E-06,+115.053265103E-03
+5.483200E-06,+44.028140228E-03
+5.489800E-06,-157.519596301E-03
+5.496400E-06,+107.318591819E-03
+5.503000E-06,+50.572863776E-03
+5.509600E-06,-160.643214360E-03
+5.516200E-06,+99.583918535E-03
+5.522800E-06,+63.067336004E-03
+5.529400E-06,-160.643214360E-03
+5.536000E-06,+91.849245251E-03
+5.542600E-06,+69.463315836E-03
+5.549200E-06,-160.643214360E-03
+5.555800E-06,+84.635174976E-03
+5.562400E-06,+80.767838328E-03
+5.569000E-06,-159.527636482E-03
+5.575600E-06,+76.156783108E-03
+5.582200E-06,+89.097486480E-03
+5.588800E-06,-160.643214360E-03
+5.595400E-06,+65.967838494E-03
+5.602000E-06,+97.427134632E-03
+5.608600E-06,-163.171857550E-03
+5.615200E-06,+54.142712992E-03
+5.621800E-06,+105.756782783E-03
+5.628400E-06,-154.990953115E-03
+5.635000E-06,+50.572863784E-03
+5.641600E-06,+113.788943502E-03
+5.648200E-06,-151.346732049E-03
+5.654800E-06,+35.103517216E-03
+5.661400E-06,+116.763817842E-03
+5.668000E-06,-148.371857709E-03
+5.674600E-06,+28.484421810E-03
+5.681200E-06,+122.713566522E-03
+5.687800E-06,-145.396983369E-03
+5.694400E-06,+16.064321440E-03
+5.701000E-06,+127.547737325E-03
+5.707600E-06,-142.050249737E-03
+5.714200E-06,+5.280401958E-03
+5.720800E-06,+131.638189542E-03
+5.727400E-06,-133.794973444E-03
+5.734000E-06,+4E-12
+5.740600E-06,+137.216078931E-03
+5.747200E-06,-125.465325292E-03
+5.753800E-06,-12.494472224E-03
+5.760400E-06,+137.216078931E-03
+5.767000E-06,-120.110551480E-03
+5.773600E-06,-21.939698254E-03
+5.780200E-06,+137.216078931E-03
+5.786800E-06,-111.780903328E-03
+5.793400E-06,-27.889446934E-03
+5.800000E-06,+139.075375393E-03
+5.806600E-06,-103.228139601E-03
+5.813200E-06,-36.814069954E-03
+5.819800E-06,+137.216078931E-03
+5.826400E-06,-99.063315525E-03
+5.833000E-06,-45.738692974E-03
+5.839600E-06,+142.793968320E-03
+5.846200E-06,-87.238190023E-03
+5.852800E-06,-54.663315994E-03
+5.859400E-06,+137.513566366E-03
+5.866000E-06,-81.809044353E-03
+5.872600E-06,-63.364823439E-03
+5.879200E-06,+138.108541234E-03
+5.885800E-06,-68.719597257E-03
+5.892400E-06,-67.529647515E-03
+5.899000E-06,+133.869345300E-03
+5.905600E-06,-61.505526983E-03
+5.912200E-06,-73.405024337E-03
+5.918800E-06,+130.894470960E-03
+5.925400E-06,-53.770853699E-03
+5.932000E-06,-76.974873545E-03
+5.938600E-06,+127.622109187E-03
+5.945200E-06,-43.061306075E-03
+5.951800E-06,-84.040200102E-03
+5.958400E-06,+122.267335375E-03
+5.965000E-06,-37.185929253E-03
+5.971600E-06,-89.841205066E-03
+5.978200E-06,+116.912561563E-03
+5.984800E-06,-30.046230837E-03
+5.991400E-06,-91.626129670E-03
+5.998000E-06,+113.417084213E-03
+6.004600E-06,-19.857286223E-03
+6.011200E-06,-92.146732680E-03
+6.017800E-06,+108.657285269E-03
+6.024400E-06,-12.122612939E-03
+6.031000E-06,-93.336682416E-03
+6.037600E-06,+103.599998892E-03
+6.044200E-06,-2.677386909E-03
+6.050800E-06,-94.526632152E-03
+6.057400E-06,+97.129647202E-03
+6.064000E-06,+1.487437167E-03
+6.070600E-06,-98.468340653E-03
+6.077200E-06,+90.584923655E-03
+6.083800E-06,+8.627135583E-03
+6.090400E-06,-100.848240125E-03
+6.097000E-06,+84.040200106E-03
+6.103600E-06,+12.717587801E-03
+6.110200E-06,-97.278390917E-03
+6.116800E-06,+75.041205228E-03
+6.123400E-06,+21.567838962E-03
+6.130000E-06,-96.683416049E-03
+6.136600E-06,+70.802009294E-03
+6.143200E-06,+24.542713302E-03
+6.149800E-06,-93.634169851E-03
+6.156400E-06,+66.042210350E-03
+6.163000E-06,+31.608039860E-03
+6.169600E-06,-95.195978880E-03
+6.176200E-06,+55.332662726E-03
+6.182800E-06,+33.987939332E-03
+6.189400E-06,-89.915576926E-03
+6.196000E-06,+50.572863782E-03
+6.202600E-06,+42.168843768E-03
+6.209200E-06,-86.271355860E-03
+6.215800E-06,+45.292461828E-03
+6.222400E-06,+44.028140230E-03
+6.229000E-06,-86.271355860E-03
+6.235600E-06,+40.978894036E-03
+6.242200E-06,+44.548743240E-03
+6.248800E-06,-80.321607180E-03
+6.255400E-06,+33.318592610E-03
+6.262000E-06,+45.738692976E-03
+6.268600E-06,-80.098491605E-03
+6.275200E-06,+25.583919326E-03
+6.281800E-06,+47.449245721E-03
+6.288400E-06,-73.033165047E-03
+6.295000E-06,+20.824120382E-03
+6.301600E-06,+50.944723071E-03
+6.308200E-06,-70.578893717E-03
+6.314800E-06,+16.064321438E-03
+6.321400E-06,+53.919597411E-03
+6.328000E-06,-64.703516895E-03
+6.334600E-06,+11.378894352E-03
+6.341200E-06,+53.919597411E-03
+6.347800E-06,-63.513567159E-03
+6.354400E-06,+7.214070276E-03
+6.361000E-06,+52.060300949E-03
+6.367600E-06,-59.199999367E-03
+6.374200E-06,+3.049246200E-03
+6.380800E-06,+54.440200421E-03
+6.387400E-06,-50.870351215E-03
+6.394000E-06,-1.115577876E-03
+6.400600E-06,+53.696481836E-03
+6.407200E-06,-49.754773337E-03
+6.413800E-06,-2.826130621E-03
+6.420400E-06,+51.911557232E-03
+6.427000E-06,-42.020100053E-03
+6.433600E-06,-6.321607971E-03
+6.440200E-06,+50.126632628E-03
+6.446800E-06,-42.689446780E-03
+6.453400E-06,-9.965829037E-03
+6.460000E-06,+51.316582364E-03
+6.466600E-06,-35.401004647E-03
+6.473200E-06,-15.246230991E-03
+6.479800E-06,+49.531657760E-03
+6.486400E-06,-33.021105175E-03
+6.493000E-06,-15.246230991E-03
+6.499600E-06,+44.623115100E-03
+6.506200E-06,-30.641205703E-03
+6.512800E-06,-18.221105331E-03
+6.519400E-06,+44.623115100E-03
+6.526000E-06,-25.286431891E-03
+6.532600E-06,-18.146733473E-03
+6.539200E-06,+41.648240760E-03
+6.545800E-06,-19.931658079E-03
+6.552400E-06,-19.857286219E-03
+6.559000E-06,+41.648240760E-03
+6.565600E-06,-17.551758607E-03
+6.572200E-06,-21.642210823E-03
+6.578800E-06,+35.698492080E-03
+6.585400E-06,-18.146733475E-03
+6.592000E-06,-23.427135427E-03
+6.598600E-06,+38.598994562E-03
+6.605200E-06,-12.791959663E-03
+6.611800E-06,-22.237185691E-03
+6.618400E-06,+32.054271014E-03
+6.625000E-06,-10.412060191E-03
+6.631600E-06,-21.047235955E-03
+6.638200E-06,+29.748743400E-03
+6.644800E-06,-7.511557709E-03
+6.651400E-06,-22.162813832E-03
+6.658000E-06,+30.864321278E-03
+6.664600E-06,-8.627135587E-03
+6.671200E-06,-23.352763568E-03
+6.677800E-06,+27.294472070E-03
+6.684400E-06,-966.834161E-06
+6.691000E-06,-21.567838964E-03
+6.697600E-06,+23.650251004E-03
+6.704200E-06,-2.156783897E-03
+6.710800E-06,-20.303517370E-03
+6.717400E-06,+23.129647994E-03
+6.724000E-06,-371.859293E-06
+6.730600E-06,-20.898492238E-03
+6.737200E-06,+19.559798786E-03
+6.743800E-06,+1.933668320E-03
+6.750400E-06,-18.518592766E-03
+6.757000E-06,+18.964823918E-03
+6.763600E-06,+3.123618056E-03
+6.770200E-06,-20.824120380E-03
+6.776800E-06,+15.394974710E-03
+6.783400E-06,+4.313567792E-03
+6.790000E-06,-17.849246040E-03
+6.796600E-06,+14.725627984E-03
+6.803200E-06,+5.503517528E-03
+6.809800E-06,-17.849246040E-03
+6.816400E-06,+13.535678248E-03
+6.823000E-06,+6.693467264E-03
+6.829600E-06,-14.874371700E-03
+6.836200E-06,+13.610050106E-03
+6.842800E-06,+7.883417000E-03
+6.849400E-06,-17.849246040E-03
+6.856000E-06,+10.040200898E-03
+6.862600E-06,+8.998994878E-03
+6.869200E-06,-14.874371700E-03
+6.875800E-06,+9.445226030E-03
+6.882400E-06,+6.619095406E-03
+6.889000E-06,-16.733668162E-03
+6.895600E-06,+5.801004964E-03
+6.902200E-06,+7.214070274E-03
+6.908800E-06,-14.874371700E-03
+6.915400E-06,+5.280401954E-03
+6.922000E-06,+7.809045142E-03
+6.928600E-06,-11.899497360E-03
+6.935200E-06,+3.421105492E-03
+6.941800E-06,+8.404020010E-03
+6.948400E-06,-11.230150634E-03
+6.955000E-06,+4.090452218E-03
+6.961600E-06,+8.924623020E-03
+6.968200E-06,-8.924623020E-03
+6.974800E-06,+3.495477350E-03
+6.981400E-06,+6.619095406E-03
+6.988000E-06,-8.924623020E-03
+6.994600E-06,-74.371858E-06
+7.001200E-06,+5.949748680E-03
+7.007800E-06,-9.445226030E-03
+7.014400E-06,-669.346726E-06
+7.021000E-06,+7.809045142E-03
+7.027600E-06,-5.949748680E-03
+7.034200E-06,+1.710552746E-03
+7.040800E-06,+5.949748680E-03
+7.047400E-06,-5.949748680E-03
+7.054000E-06,+0.0E+00
+7.060600E-06,+5.949748680E-03
+7.067200E-06,-5.949748680E-03
+7.073800E-06,+0.0E+00
+7.080400E-06,+3.644221066E-03
+7.087000E-06,-5.949748680E-03
+7.093600E-06,-74.371858E-06
+7.100200E-06,+5.949748680E-03
+7.106800E-06,-2.974874340E-03
+7.113400E-06,+0.0E+00
+7.120000E-06,+7.809045142E-03
+7.126600E-06,-2.900502482E-03
+7.133200E-06,+0.0E+00
+7.139800E-06,+5.949748680E-03
+7.146400E-06,-5.280401954E-03
+7.153000E-06,-2.974874340E-03
+7.159600E-06,+5.949748680E-03
+7.166200E-06,-1.710552746E-03
+7.172800E-06,-2.974874340E-03
+7.179400E-06,+2.974874340E-03
+7.186000E-06,-2.974874340E-03
+7.192600E-06,-74.371858E-06
+7.199200E-06,+2.974874340E-03
+7.205800E-06,-2.974874340E-03
+7.212400E-06,-2.974874340E-03
+7.219000E-06,+2.974874340E-03
+7.225600E-06,-5.875376822E-03
+7.232200E-06,-2.974874340E-03
+7.238800E-06,+2.974874340E-03
+7.245400E-06,+0.0E+00
+7.252000E-06,-1.859296462E-03
+7.258600E-06,+2.974874340E-03
+7.265200E-06,+0.0E+00
+7.271800E-06,-2.974874340E-03
+7.278400E-06,+2.974874340E-03
+7.285000E-06,+1.859296462E-03
+7.291600E-06,-74.371858E-06
+7.298200E-06,+0.0E+00
+7.304800E-06,+0.0E+00
+7.311400E-06,+0.0E+00
+7.318000E-06,+0.0E+00
+7.324600E-06,+2.974874340E-03
+7.331200E-06,-2.974874340E-03
+7.337800E-06,+520.603010E-06
+7.344400E-06,+669.346726E-06
+7.351000E-06,-1.859296462E-03
+7.357600E-06,+2.974874340E-03
+7.364200E-06,-1.710552746E-03
+7.370800E-06,+0.0E+00
+7.377400E-06,+2.974874340E-03
+7.384000E-06,+0.0E+00
+7.390600E-06,-2.974874340E-03
+7.397200E-06,+0.0E+00
+7.403800E-06,+0.0E+00
+7.410400E-06,+0.0E+00
+7.417000E-06,+0.0E+00
+7.423600E-06,+0.0E+00
+7.430200E-06,+0.0E+00
+7.436800E-06,+0.0E+00
+7.443400E-06,+0.0E+00
+7.450000E-06,-2.974874340E-03
+7.456600E-06,+0.0E+00
+7.463200E-06,+0.0E+00
+7.469800E-06,+0.0E+00
+7.476400E-06,+0.0E+00
+7.483000E-06,+0.0E+00
+7.489600E-06,+0.0E+00
+7.496200E-06,+2.974874340E-03
+7.502800E-06,+0.0E+00
+7.509400E-06,+2.974874340E-03
+7.516000E-06,+0.0E+00
+7.522600E-06,+0.0E+00
+7.529200E-06,+0.0E+00
+7.535800E-06,+0.0E+00
+7.542400E-06,+0.0E+00
+7.549000E-06,+0.0E+00
+7.555600E-06,+0.0E+00
+7.562200E-06,+0.0E+00
+7.568800E-06,+0.0E+00
+7.575400E-06,+2.305527614E-03
+7.582000E-06,+0.0E+00
+7.588600E-06,+0.0E+00
+7.595200E-06,+0.0E+00
+7.601800E-06,+0.0E+00
+7.608400E-06,+0.0E+00
+7.615000E-06,+0.0E+00
+7.621600E-06,-2.974874340E-03
+7.628200E-06,+2.974874340E-03
+7.634800E-06,+520.603010E-06
+7.641400E-06,+0.0E+00
+7.648000E-06,+0.0E+00
+7.654600E-06,+0.0E+00
+7.661200E-06,+0.0E+00
+7.667800E-06,+0.0E+00
+7.674400E-06,+0.0E+00
+7.681000E-06,+0.0E+00
+7.687600E-06,+0.0E+00
+7.694200E-06,+1.710552746E-03
+7.700800E-06,+2.974874340E-03
+7.707400E-06,+0.0E+00
+7.714000E-06,+0.0E+00
+7.720600E-06,+0.0E+00
+7.727200E-06,+0.0E+00
+7.733800E-06,+0.0E+00
+7.740400E-06,+2.974874340E-03
+7.747000E-06,+2.974874340E-03
+7.753600E-06,+2.974874340E-03
+7.760200E-06,+0.0E+00
+7.766800E-06,+0.0E+00
+7.773400E-06,+0.0E+00
+7.780000E-06,+0.0E+00
+7.786600E-06,+0.0E+00
+7.793200E-06,-2.974874340E-03
+7.799800E-06,+2.974874340E-03
+7.806400E-06,+0.0E+00
+7.813000E-06,+0.0E+00
+7.819600E-06,+0.0E+00
+7.826200E-06,+2.974874340E-03
+7.832800E-06,+0.0E+00
+7.839400E-06,+0.0E+00
+7.846000E-06,+0.0E+00
+7.852600E-06,+0.0E+00
+7.859200E-06,+0.0E+00
+7.865800E-06,+0.0E+00
+7.872400E-06,-2.305527614E-03
+7.879000E-06,+0.0E+00
+7.885600E-06,+0.0E+00
+7.892200E-06,+0.0E+00
+7.898800E-06,+2.974874340E-03
+7.905400E-06,+0.0E+00
+7.912000E-06,+0.0E+00
+7.918600E-06,+0.0E+00
+7.925200E-06,-1.710552746E-03
+7.931800E-06,+0.0E+00
+7.938400E-06,+0.0E+00
+7.945000E-06,+0.0E+00
+7.951600E-06,+0.0E+00
+7.958200E-06,+0.0E+00
+7.964800E-06,+0.0E+00
+7.971400E-06,+0.0E+00
+7.978000E-06,+0.0E+00
+7.984600E-06,-2.900502482E-03
+7.991200E-06,+0.0E+00
+7.997800E-06,+0.0E+00
+8.004400E-06,+0.0E+00
+8.011000E-06,+0.0E+00
+8.017600E-06,+2.974874340E-03
+8.024200E-06,+0.0E+00
+8.030800E-06,+0.0E+00
+8.037400E-06,+0.0E+00
+8.044000E-06,+2.974874340E-03
+8.050600E-06,+2.974874340E-03
+8.057200E-06,+0.0E+00
+8.063800E-06,+0.0E+00
+8.070400E-06,+0.0E+00
+8.077000E-06,+0.0E+00
+8.083600E-06,+0.0E+00
+8.090200E-06,+0.0E+00
+8.096800E-06,+0.0E+00
+8.103400E-06,+0.0E+00
+8.110000E-06,+0.0E+00
+8.116600E-06,+0.0E+00
+8.123200E-06,+0.0E+00
+8.129800E-06,+2.974874340E-03
+8.136400E-06,+0.0E+00
+8.143000E-06,+0.0E+00
+8.149600E-06,+2.974874340E-03
+8.156200E-06,+0.0E+00
+8.162800E-06,+2.974874340E-03
+8.169400E-06,+0.0E+00
+8.176000E-06,+1.859296462E-03
+8.182600E-06,+2.974874340E-03
+8.189200E-06,+0.0E+00
+8.195800E-06,+0.0E+00
+8.202400E-06,+0.0E+00
+8.209000E-06,+0.0E+00
+8.215600E-06,+2.974874340E-03
+8.222200E-06,+0.0E+00
+8.228800E-06,+0.0E+00
+8.235400E-06,+2.974874340E-03
+8.242000E-06,+0.0E+00
+8.248600E-06,+0.0E+00
+8.255200E-06,+2.974874340E-03
+8.261800E-06,+0.0E+00
+8.268400E-06,+0.0E+00
+8.275000E-06,-1.859296462E-03
+8.281600E-06,+0.0E+00
+8.288200E-06,+0.0E+00
+8.294800E-06,+0.0E+00
+8.301400E-06,+0.0E+00
+8.308000E-06,+0.0E+00
+8.314600E-06,+0.0E+00
+8.321200E-06,+0.0E+00
+8.327800E-06,+0.0E+00
+8.334400E-06,+0.0E+00
+8.341000E-06,+0.0E+00
+8.347600E-06,+0.0E+00
+8.354200E-06,+0.0E+00
+8.360800E-06,+0.0E+00
+8.367400E-06,+2.974874340E-03
+8.374000E-06,+0.0E+00
+8.380600E-06,+0.0E+00
+8.387200E-06,+2.974874340E-03
+8.393800E-06,+0.0E+00
+8.400400E-06,+0.0E+00
+8.407000E-06,+0.0E+00
+8.413600E-06,+0.0E+00
+8.420200E-06,+0.0E+00
+8.426800E-06,+0.0E+00
+8.433400E-06,+0.0E+00
+8.440000E-06,+2.974874340E-03
+8.446600E-06,+0.0E+00
+8.453200E-06,+0.0E+00
+8.459800E-06,+0.0E+00
+8.466400E-06,+0.0E+00
+8.473000E-06,-2.974874340E-03
+8.479600E-06,+0.0E+00
+8.486200E-06,-2.974874340E-03
+8.492800E-06,+0.0E+00
+8.499400E-06,+0.0E+00
+8.506000E-06,+0.0E+00
+8.512600E-06,+0.0E+00
+8.519200E-06,+2.974874340E-03
+8.525800E-06,+0.0E+00
+8.532400E-06,+0.0E+00
+8.539000E-06,+0.0E+00
+8.545600E-06,+0.0E+00
+8.552200E-06,+0.0E+00
+8.558800E-06,+520.603009E-06
+8.565400E-06,+0.0E+00
+8.572000E-06,+0.0E+00
+8.578600E-06,+0.0E+00
+8.585200E-06,+0.0E+00
+8.591800E-06,+0.0E+00
+8.598400E-06,+0.0E+00
+8.605000E-06,+0.0E+00
+8.611600E-06,+0.0E+00
+8.618200E-06,-1.264321595E-03
+8.624800E-06,+0.0E+00
+8.631400E-06,+0.0E+00
+8.638000E-06,+0.0E+00
+8.644600E-06,-2.974874340E-03
+8.651200E-06,+0.0E+00
+8.657800E-06,-2.974874340E-03
+8.664400E-06,+0.0E+00
+8.671000E-06,+0.0E+00
+8.677600E-06,+0.0E+00
+8.684200E-06,+0.0E+00
+8.690800E-06,+0.0E+00
+8.697400E-06,+2.974874340E-03
+8.704000E-06,+0.0E+00
+8.710600E-06,+0.0E+00
+8.717200E-06,+0.0E+00
+8.723800E-06,+2.974874340E-03
+8.730400E-06,+0.0E+00
+8.737000E-06,+0.0E+00
+8.743600E-06,-2.974874340E-03
+8.750200E-06,+0.0E+00
+8.756800E-06,+0.0E+00
+8.763400E-06,+0.0E+00
+8.770000E-06,+0.0E+00
+8.776600E-06,+0.0E+00
+8.783200E-06,+1.710552745E-03
+8.789800E-06,+0.0E+00
+8.796400E-06,+0.0E+00
+8.803000E-06,+0.0E+00
+8.809600E-06,+0.0E+00
+8.816200E-06,+0.0E+00
+8.822800E-06,+0.0E+00
+8.829400E-06,+0.0E+00
+8.836000E-06,+1.859296463E-03
+8.842600E-06,+0.0E+00
+8.849200E-06,+0.0E+00
+8.855800E-06,+0.0E+00
+8.862400E-06,+0.0E+00
+8.869000E-06,+0.0E+00
+8.875600E-06,+0.0E+00
+8.882200E-06,+0.0E+00
+8.888800E-06,+2.974874340E-03
+8.895400E-06,+2.974874340E-03
+8.902000E-06,+0.0E+00
+8.908600E-06,+0.0E+00
+8.915200E-06,+0.0E+00
+8.921800E-06,+0.0E+00
+8.928400E-06,+0.0E+00
+8.935000E-06,+0.0E+00
+8.941600E-06,+2.974874340E-03
+8.948200E-06,+0.0E+00
+8.954800E-06,+0.0E+00
+8.961400E-06,+0.0E+00
+8.968000E-06,+0.0E+00
+8.974600E-06,+0.0E+00
+8.981200E-06,+2.974874340E-03
+8.987800E-06,+0.0E+00
+8.994400E-06,+2.305527613E-03
+9.001000E-06,+2.974874340E-03
+9.007600E-06,+2.974874340E-03
+9.014200E-06,-1.264321595E-03
+9.020800E-06,+0.0E+00
+9.027400E-06,+0.0E+00
+9.034000E-06,+0.0E+00
+9.040600E-06,+0.0E+00
+9.047200E-06,+0.0E+00
+9.053800E-06,+0.0E+00
+9.060400E-06,+0.0E+00
+9.067000E-06,+0.0E+00
+9.073600E-06,+0.0E+00
+9.080200E-06,+0.0E+00
+9.086800E-06,+0.0E+00
+9.093400E-06,+2.974874340E-03
